{
  "users": [
    {
      "id": "1",
      "firstName": "Mario",
      "lastName": "Rossi",
      "email": "mario.rossi@mail.com",
      "password": "Password123"
    },
    {
      "id": "9947",
      "firstName": "antoni",
      "lastName": "minels",
      "email": "a.minels@test.it",
      "password": "Test2025"
    }
  ],
  "categories": [
    {
      "id": "1",
      "name": "Frontend",
      "slug": "frontend"
    },
    {
      "id": "2",
      "name": "Backend",
      "slug": "backend"
    },
    {
      "id": "3",
      "name": "DevOps",
      "slug": "devops"
    }
  ],
  "books": [
    {
      "id": "101",
      "categoryId": 1,
      "title": "Angular Patterns Avanzati",
      "author": "Luca Bianchi",
      "description": "Guida pratica su architetture scalabili in Angular moderno.",
      "imageUrl": "https://images.unsplash.com/photo-1512820790803-83ca734da794?auto=format&fit=crop&w=1200&q=60",
      "price": 39.9,
      "rating": 4.7,
      "stock": 18
    },
    {
      "id": "102",
      "categoryId": 1,
      "title": "RxJS per Applicazioni Reattive",
      "author": "Giulia Fontana",
      "description": "Operatori, stream e pattern reattivi spiegati con esempi reali.",
      "imageUrl": "https://images.unsplash.com/photo-1521587760476-6c12a4b040da?auto=format&fit=crop&w=1200&q=60",
      "price": 34.5,
      "rating": 4.8,
      "stock": 12
    },
    {
      "id": "201",
      "categoryId": 2,
      "title": "Node.js API Design",
      "author": "Alessandro Ricci",
      "description": "Best practice per progettare API REST sicure e manutenibili.",
      "imageUrl": "https://images.unsplash.com/photo-1495446815901-a7297e633e8d?auto=format&fit=crop&w=1200&q=60",
      "price": 42,
      "rating": 4.6,
      "stock": 10
    },
    {
      "id": "301",
      "categoryId": 3,
      "title": "CI/CD in pratica",
      "author": "Francesca Neri",
      "description": "Dalle pipeline ai deploy automatici: manuale DevOps operativo.",
      "imageUrl": "https://images.unsplash.com/photo-1516979187457-637abb4f9353?auto=format&fit=crop&w=1200&q=60",
      "price": 36,
      "rating": 4.5,
      "stock": 14
    },
    {
      "id": "302",
      "categoryId": 3,
      "title": "Cloud Native Handbook",
      "author": "Paolo Verdi",
      "description": "Kubernetes, observability e resilienza per sistemi distribuiti.",
      "imageUrl": "https://images.unsplash.com/photo-1544947950-fa07a98d237f?auto=format&fit=crop&w=1200&q=60",
      "price": 45,
      "rating": 4.9,
      "stock": 8
    }
  ],
  "orders": [
    {
      "id": "a95e",
      "userId": "1",
      "createdAt": "2026-02-19T09:38:06.701Z",
      "total": 39.9,
      "shippingAddress": "Via Roma 10, 20100 Milano",
      "paymentLast4": "4242",
      "items": [
        {
          "bookId": "101",
          "title": "Angular Patterns Avanzati",
          "quantity": 1,
          "unitPrice": 39.9
        }
      ]
    },
    {
      "id": "970a",
      "userId": "1",
      "createdAt": "2026-02-19T09:38:32.768Z",
      "total": 39.9,
      "shippingAddress": "Via Roma 10, 20100 Milano",
      "paymentLast4": "4242",
      "items": [
        {
          "bookId": "101",
          "title": "Angular Patterns Avanzati",
          "quantity": 1,
          "unitPrice": 39.9
        }
      ]
    },
    {
      "id": "5c39",
      "userId": "1",
      "createdAt": "2026-02-19T10:18:52.087Z",
      "total": 39.9,
      "shippingAddress": "Via Roma 10, 20100 Milano",
      "paymentLast4": "4242",
      "items": [
        {
          "bookId": "101",
          "title": "Angular Patterns Avanzati",
          "quantity": 1,
          "unitPrice": 39.9
        }
      ]
    },
    {
      "id": "1657",
      "userId": "1",
      "createdAt": "2026-02-19T10:19:26.523Z",
      "total": 39.9,
      "shippingAddress": "Via Roma 10, 20100 Milano",
      "paymentLast4": "4242",
      "items": [
        {
          "bookId": "101",
          "title": "Angular Patterns Avanzati",
          "quantity": 1,
          "unitPrice": 39.9
        }
      ]
    },
    {
      "id": "03bc",
      "userId": "1",
      "createdAt": "2026-02-19T10:20:13.835Z",
      "total": 39.9,
      "shippingAddress": "Via Roma 10, 20100 Milano",
      "paymentLast4": "4242",
      "items": [
        {
          "bookId": "101",
          "title": "Angular Patterns Avanzati",
          "quantity": 1,
          "unitPrice": 39.9
        }
      ]
    },
    {
      "id": "2b16",
      "userId": "1",
      "createdAt": "2026-02-19T16:52:01.152Z",
      "total": 39.9,
      "shippingAddress": "Via Roma 10, 20100 Milano",
      "paymentLast4": "4242",
      "items": [
        {
          "bookId": "101",
          "title": "Angular Patterns Avanzati",
          "quantity": 1,
          "unitPrice": 39.9
        }
      ]
    },
    {
      "id": "76d6",
      "userId": "1",
      "createdAt": "2026-02-19T16:53:41.684Z",
      "total": 39.9,
      "shippingAddress": "Via Roma 10, 20100 Milano",
      "paymentLast4": "4242",
      "items": [
        {
          "bookId": "101",
          "title": "Angular Patterns Avanzati",
          "quantity": 1,
          "unitPrice": 39.9
        }
      ]
    },
    {
      "id": "9f4f",
      "userId": "1",
      "createdAt": "2026-02-19T16:57:51.517Z",
      "total": 39.9,
      "shippingAddress": "Via Roma 10, 20100 Milano",
      "paymentLast4": "4242",
      "items": [
        {
          "bookId": "101",
          "title": "Angular Patterns Avanzati",
          "quantity": 1,
          "unitPrice": 39.9
        }
      ]
    }
  ]
}